{
  "Ambazari": {
    "train": {
      "MAE": 4.8805,
      "RMSE": 7.0391,
      "R2": 0.9819,
      "MAPE": 5.9152,
      "CatAcc": 92.0
    },
    "validation": {
      "MAE": 8.6553,
      "RMSE": 13.9356,
      "R2": 0.9406,
      "MAPE": 11.6916,
      "CatAcc": 85.65
    },
    "test": {
      "MAE": 12.708,
      "RMSE": 18.9442,
      "R2": 0.8871,
      "MAPE": 9.2138,
      "CatAcc": 86.37
    },
    "feature_importance": {
      "PM2.5": 0.0012164374347776175,
      "PM10": 0.0010328246280550957,
      "NO": 0.0008030303870327771,
      "NO2": 0.0011356886243447661,
      "SO2": 0.000851502176374197,
      "NH3": 0.0009070741944015026,
      "Hour_sin": 0.0038393440190702677,
      "Hour_cos": 0.0019634540658444166,
      "Month_sin": 0.0017276662401854992,
      "Month_cos": 0.0022974619641900063,
      "DOW_sin": 0.0009997400920838118,
      "DOW_cos": 0.0009134791325777769,
      "IsWeekend": 0.0007409672252833843
    }
  },
  "Mahal": {
    "train": {
      "MAE": 5.8123,
      "RMSE": 8.7985,
      "R2": 0.9803,
      "MAPE": 7.2582,
      "CatAcc": 90.78
    },
    "validation": {
      "MAE": 9.2078,
      "RMSE": 16.0457,
      "R2": 0.9438,
      "MAPE": 10.1711,
      "CatAcc": 86.56
    },
    "test": {
      "MAE": 14.6915,
      "RMSE": 21.3267,
      "R2": 0.8913,
      "MAPE": 9.5584,
      "CatAcc": 84.72
    },
    "feature_importance": {
      "PM2.5": 0.000937257835175842,
      "PM10": 0.0011675908463075757,
      "NO": 0.0009374052751809359,
      "NO2": 0.0009336307994090021,
      "SO2": 0.0007930974825285375,
      "NH3": 0.0008757371106185019,
      "Hour_sin": 0.0025539526250213385,
      "Hour_cos": 0.0019204705022275448,
      "Month_sin": 0.0018219929188489914,
      "Month_cos": 0.004563690163195133,
      "DOW_sin": 0.0007791367825120687,
      "DOW_cos": 0.0011026758002117276,
      "IsWeekend": 0.00042358189239166677
    }
  },
  "Civil_Lines": {
    "train": {
      "MAE": 6.3218,
      "RMSE": 8.7113,
      "R2": 0.979,
      "MAPE": 10.1078,
      "CatAcc": 89.39
    },
    "validation": {
      "MAE": 8.7136,
      "RMSE": 13.1901,
      "R2": 0.9596,
      "MAPE": 14.2854,
      "CatAcc": 86.76
    },
    "test": {
      "MAE": 14.9793,
      "RMSE": 20.132,
      "R2": 0.8999,
      "MAPE": 10.7078,
      "CatAcc": 81.98
    },
    "feature_importance": {
      "PM2.5": 0.00084671814693138,
      "PM10": 0.0010532373562455177,
      "NO": 0.0006668548448942602,
      "NO2": 0.0008837469504214823,
      "SO2": 0.0008671316900290549,
      "NH3": 0.0007794713019393384,
      "Hour_sin": 0.0035304706543684006,
      "Hour_cos": 0.0025008537340909243,
      "Month_sin": 0.0011596406111493707,
      "Month_cos": 0.001670458004809916,
      "DOW_sin": 0.0007836637087166309,
      "DOW_cos": 0.0010844810167327523,
      "IsWeekend": 0.0006366873858496547
    }
  },
  "Ram_Nagar": {
    "train": {
      "MAE": 4.9317,
      "RMSE": 7.295,
      "R2": 0.9858,
      "MAPE": 7.0084,
      "CatAcc": 91.57
    },
    "validation": {
      "MAE": 9.8282,
      "RMSE": 15.894,
      "R2": 0.936,
      "MAPE": 10.1106,
      "CatAcc": 84.88
    },
    "test": {
      "MAE": 10.8464,
      "RMSE": 16.1214,
      "R2": 0.9143,
      "MAPE": 7.6001,
      "CatAcc": 88.34
    },
    "feature_importance": {
      "PM2.5": 0.001180937746539712,
      "PM10": 0.0009230146533809602,
      "NO": 0.000717186601832509,
      "NO2": 0.0007543002138845623,
      "SO2": 0.0011829599970951676,
      "NH3": 0.0009693540050648153,
      "Hour_sin": 0.0024059743154793978,
      "Hour_cos": 0.0010167650179937482,
      "Month_sin": 0.0021690204739570618,
      "Month_cos": 0.0018847553292289376,
      "DOW_sin": 0.0009183844085782766,
      "DOW_cos": 0.0008179012802429497,
      "IsWeekend": 0.0006088221562094986
    }
  }
}